Workbook

Sheet Cover
A1: PulseDesk — Risk Register
A2: Document ID | B2: PD-RSK-001
A3: Version | B3: 1.0
A4: Date | B4: 2026-08-01
A5: Prepared by | B5: TandSol
A6: Status | B6: Living
A7: Related documents | B7: PD-CHR-001, PD-PMP-001, PD-RTM-001
A8: Classification | B8: Internal
A9: Revision note | B9: v1.0 — initial baseline issued with the first working build.

Sheet Legend
A1: Scoring key
B2: Score | C2: Likelihood × Impact, computed by formula
B3: High | C3: Score 15 or above — needs an owner and a dated action
B4: Medium | C4: Score 8 to 14 — mitigate and monitor
B5: Low | C5: Score 1 to 7 — accept and review at the next cycle
A7: Likelihood
B8: 1 | C8: Rare
B9: 2 | C9: Unlikely
B10: 3 | C10: Possible
B11: 4 | C11: Likely
B12: 5 | C12: Almost certain
A14: Impact
B15: 1 | C15: Negligible
B16: 2 | C16: Minor
B17: 3 | C17: Moderate
B18: 4 | C18: Major
B19: 5 | C19: Severe
A21: Response
B22: Avoid | C22: Remove the exposure
B23: Mitigate | C23: Reduce likelihood or impact
B24: Transfer | C24: Shift to another party
B25: Accept | C25: Tolerate with monitoring

Sheet Risk Register
A1: Risk ID | B1: Category | C1: Description | D1: Cause/Trigger | E1: Impact | F1: Likelihood (1-5) | G1: Impact (1-5) | H1: Score | I1: Severity | J1: Response | K1: Mitigation | L1: Owner | M1: Status | N1: Target Date
A2: RSK-001 | B2: Technical | C2: Yahoo Finance chart endpoint starts requiring a crumb/cookie or blocks the client | D2: Undocumented API hardening | E2: Quotes, indices and hype radar go blank | F2: 4 | G2: 5 | H2: =F2*G2 | I2: =IF(H2>=15,"High",IF(H2>=8,"Medium","Low")) | J2: Mitigate | K2: Stooq CSV fallback is wired for US tickers; TTL cache serves the last good value; add a second provider (Twelve Data free tier) if failures persist | L2: Owner | M2: Open | N2: 2026-09-15
A3: RSK-002 | B3: Technical | C3: Binance API is geo-blocked or rate-limits the rolling-window endpoint | D3: Regional restrictions or weight overrun | E3: Crypto pump table degrades to a 1-hour CoinGecko proxy | F3: 3 | G3: 3 | H3: =F3*G3 | I3: =IF(H3>=15,"High",IF(H3>=8,"Medium","Low")) | J3: Mitigate | K3: CoinGecko fallback already implemented and labelled in the UI; request chunking keeps weight under the per-minute cap | L3: Owner | M3: Open | N3: 2026-09-15
A4: RSK-003 | B4: Technical | C4: An RSS publisher changes feed URL or format | D4: Publisher CMS migration | E4: One of eight sources drops out of the wire | F4: 4 | G4: 2 | H4: =F4*G4 | I4: =IF(H4>=15,"High",IF(H4>=8,"Medium","Low")) | J4: Accept | K4: Per-feed failures are isolated by the pool; the wire still renders from the remaining sources | L4: Owner | M4: Open | N4: 2026-10-01
A5: RSK-004 | B5: Product | C5: Users read the RISE/FALL badge as a price prediction | D5: Label ambiguity | E5: Misinformed trades, reputational harm | F5: 3 | G5: 5 | H5: =F5*G5 | I5: =IF(H5>=15,"High",IF(H5>=8,"Medium","Low")) | J5: Mitigate | K5: Handbook and in-app footer state it is headline tone, not a forecast; confidence bar shown alongside; no buy/sell language used | L5: Owner | M5: Open | N5: 2026-09-01
A6: RSK-005 | B6: Technical | C6: Sentiment lexicon misclassifies sarcasm, negation chains or non-English headlines | D6: Rule-based classifier limits | E6: Wrong direction call on individual items | F6: 4 | G6: 3 | H6: =F6*G6 | I6: =IF(H6>=15,"High",IF(H6>=8,"Medium","Low")) | J6: Mitigate | K6: Negation window and hedge damping implemented; confidence surfaces uncertainty; review lexicon quarterly against sampled headlines | L6: Owner | M6: Open | N6: 2026-11-01
A7: RSK-006 | B7: Data | C7: Corporate actions (splits, bonuses) distort average buy price and P&L | D7: No corporate-action feed | E7: Overstated or understated returns on affected holdings | F7: 3 | G7: 4 | H7: =F7*G7 | I7: =IF(H7>=15,"High",IF(H7>=8,"Medium","Low")) | J7: Mitigate | K7: Holdings are user-editable so the average price can be corrected; a corporate-action strip is on the roadmap | L7: Owner | M7: Open | N7: 2026-12-01
A8: RSK-007 | B8: Data | C8: FX cross unavailable, leaving foreign holdings valued at a 1:1 rate | D8: Yahoo FX symbol failure | E8: Materially wrong net worth | F8: 2 | G8: 5 | H8: =F8*G8 | I8: =IF(H8>=15,"High",IF(H8>=8,"Medium","Low")) | J8: Mitigate | K8: fxRate falls back to 1 and the failure is listed in the status bar; cache the last known cross across restarts (planned) | L8: Owner | M8: Open | N8: 2026-09-30
A9: RSK-008 | B9: Security | C9: Malicious content in a headline attempts script injection into the renderer | D9: Untrusted third-party text | E9: Renderer compromise | F9: 2 | G9: 5 | H9: =F9*G9 | I9: =IF(H9>=15,"High",IF(H9>=8,"Medium","Low")) | J9: Mitigate | K9: All remote text is HTML-escaped, CSP blocks inline and remote scripts, node integration is off | L9: Owner | M9: Closed | N9: 2026-08-01
A10: RSK-009 | B10: Privacy | C10: IP geolocation lookup discloses approximate user location to a third party | D10: Weather needs coordinates | E10: Privacy expectation mismatch | F10: 3 | G10: 2 | H10: =F10*G10 | I10: =IF(H10>=15,"High",IF(H10>=8,"Medium","Low")) | J10: Mitigate | K10: Manual latitude/longitude override in settings bypasses the lookup entirely; documented in the retention policy | L10: Owner | M10: Open | N10: 2026-09-15
A11: RSK-010 | B11: Operational | C11: Always-on-top window obscures other applications during screen sharing | D11: Pinning is the default | E11: User annoyance, accidental data exposure on shared screens | F11: 4 | G11: 2 | H11: =F11*G11 | I11: =IF(H11>=15,"High",IF(H11>=8,"Medium","Low")) | J11: Mitigate | K11: Ctrl+Alt+P hides instantly, tray toggles pinning, opacity and click-through modes available | L11: Owner | M11: Closed | N11: 2026-08-01
A12: RSK-011 | B12: Technical | C12: Electron major-version upgrade breaks transparency or always-on-top behaviour on Windows | D12: Upstream Chromium changes | E12: Widget stops behaving like a widget | F12: 2 | G12: 3 | H12: =F12*G12 | I12: =IF(H12>=15,"High",IF(H12>=8,"Medium","Low")) | J12: Mitigate | K12: Version pinned in package.json; smoke-test pinning and transparency before any upgrade | L12: Owner | M12: Open | N12: 2027-01-15
A13: RSK-012 | B13: Operational | C13: Single maintainer — no cover for defect response | D13: Solo project | E13: Slow fixes if the maintainer is unavailable | F13: 3 | G13: 3 | H13: =F13*G13 | I13: =IF(H13>=15,"High",IF(H13>=8,"Medium","Low")) | J13: Accept | K13: Codebase kept dependency-light and documented so a second developer can pick it up from the Code Register | L13: Owner | M13: Open | N13: 2026-12-01

Sheet Summary
A1: Metric | B1: Value
A2: Total risks | B2: =COUNTA('Risk Register'!A2:A200)
A3: High severity | B3: =COUNTIF('Risk Register'!I2:I200,"High")
A4: Medium severity | B4: =COUNTIF('Risk Register'!I2:I200,"Medium")
A5: Low severity | B5: =COUNTIF('Risk Register'!I2:I200,"Low")
A6: Open | B6: =COUNTIF('Risk Register'!M2:M200,"Open")
A7: Closed | B7: =COUNTIF('Risk Register'!M2:M200,"Closed")
A8: Average score | B8: =ROUND(AVERAGE('Risk Register'!H2:H200),2)
A9: Highest score | B9: =MAX('Risk Register'!H2:H200)
